"State Code","County Code","Site Number","Parameter Code","POC","Latitude","Longitude","Datum","Parameter Name","Duration Description","Pollutant Standard","Year","Units of Measure","Exceptional Data Type","Observation Count","Observation Percent","Primary Exceedance Count","Secdary Exceedance Count","Valid Day Count","Required Day Count","Exceptional Data Count","Certification Indicator","Null Data Count","Half MDL Sub Count","Nonregulatory Arithmetic Mean","Arithmetic Mean","Arithmetic Standard Dev","Weighted Arithmetic Mean","Minimum Value","Nonreg First Maximum Value","Nonreg First Maximum DateTime","First Maximum Value","First Maximum DateTime","Second Maximum Value","Second Maximum DateTime","Third Maximum Value","Third Maximum DateTime","Fourth Maximum Value","Fourth Maximum DateTime","50th Perecentile","75th Perecentile","90th Perecentile","95th Perecentile","98th Perecentile","99th Perecentile","Method Count","Tribe Name","State Name","County Name","City Name","Local Site Name","Address","MSA or CBSA Name","Data Source"
"36","061","0134","68116","5","40.71436","-73.99518","WGS84","Sample Volume - Quartz Filter","24 HOUR","","2017","Cubic meter","No Events","120","98",".",".","120","122","0","Certification not required","2","0","","31.7","0",".","31.7","","","31.7","2017-01-01 00:00","31.7","2017-01-04 00:00","31.7","2017-01-07 00:00","31.7","2017-01-10 00:00","31.7","31.7","31.7","31.7","31.7","31.7","1","","New York","New York","New York","DIVISION STREET","40 DIVISION STREET, PS 124","New York-Newark-Jersey City, NY-NJ-PA","AQS Data Mart"
"36","061","0134","68115","5","40.71436","-73.99518","WGS84","Sample Volume - Nylon Filter","24 HOUR","","2017","Cubic meter","No Events","120","98",".",".","120","122","0","Certification not required","2","0","","9.7","0",".","9.7","","","9.7","2017-01-01 00:00","9.7","2017-01-04 00:00","9.7","2017-01-07 00:00","9.7","2017-01-10 00:00","9.7","9.7","9.7","9.7","9.7","9.7","1","","New York","New York","New York","DIVISION STREET","40 DIVISION STREET, PS 124","New York-Newark-Jersey City, NY-NJ-PA","AQS Data Mart"
"36","061","0134","68114","5","40.71436","-73.99518","WGS84","Sample Volume - Teflon Filter","24 HOUR","","2017","Cubic meter","No Events","120","98",".",".","120","122","0","Certification not required","2","0","","9.7","0",".","9.7","","","9.7","2017-01-01 00:00","9.7","2017-01-04 00:00","9.7","2017-01-07 00:00","9.7","2017-01-10 00:00","9.7","9.7","9.7","9.7","9.7","9.7","1","","New York","New York","New York","DIVISION STREET","40 DIVISION STREET, PS 124","New York-Newark-Jersey City, NY-NJ-PA","AQS Data Mart"
"36","061","0134","68102","1","40.71436","-73.99518","WGS84","Sample Volume","24 HOUR","","2017","Cubic meter","No Events","111","91",".",".","110","122","0","Certification not required","12","0","","24","0",".","24","","","24","2017-01-01 00:00","24","2017-01-04 00:00","24","2017-01-07 00:00","24","2017-01-10 00:00","24","24","24","24","24","24","1","","New York","New York","New York","DIVISION STREET","40 DIVISION STREET, PS 124","New York-Newark-Jersey City, NY-NJ-PA","AQS Data Mart"
"36","061","0134","68102","3","40.71436","-73.99518","WGS84","Sample Volume","24 HOUR","","2017","Cubic meter","No Events","59","97",".",".","59","61","0","Certification not required","4","0","","24","0",".","24","","","24","2017-01-01 00:00","24","2017-01-07 00:00","24","2017-01-13 00:00","24","2017-01-19 00:00","24","24","24","24","24","24","1","","New York","New York","New York","DIVISION STREET","40 DIVISION STREET, PS 124","New York-Newark-Jersey City, NY-NJ-PA","AQS Data Mart"
"36","061","0134","68117","5","40.71436","-73.99518","WGS84","Average Ambient Temperature for URG3000N","24 HOUR","","2017","Degrees Centigrade","No Events","120","98",".",".","120","122","0","Certification not required","2","0","","15.394167","9.760496",".","-5.5","","","32","2017-07-21 00:00","31.7","2017-06-12 00:00","30.7","2017-07-12 00:00","30.6","2017-05-19 00:00","15.8","24","27.1","29","30.7","31.7","1","","New York","New York","New York","DIVISION STREET","40 DIVISION STREET, PS 124","New York-Newark-Jersey City, NY-NJ-PA","AQS Data Mart"
"36","061","0134","68103","1","40.71436","-73.99518","WGS84","Ambient Min Temperature","24 HOUR","","2017","Degrees Centigrade","No Events","111","91",".",".","110","122","0","Certification not required","12","0","","10.16036","9.257845",".","-11","","","25.4","2017-07-12 00:00","25.2","2017-07-21 00:00","23.7","2017-06-12 00:00","23.5","2017-07-03 00:00","10.8","18.3","21.7","22.8","23.7","25.2","1","","New York","New York","New York","DIVISION STREET","40 DIVISION STREET, PS 124","New York-Newark-Jersey City, NY-NJ-PA","AQS Data Mart"
"36","061","0134","68103","3","40.71436","-73.99518","WGS84","Ambient Min Temperature","24 HOUR","","2017","Degrees Centigrade","No Events","59","97",".",".","59","61","0","Certification not required","4","0","","10.561017","8.874625",".","-8.3","","","25.1","2017-07-12 00:00","23.4","2017-06-12 00:00","23.3","2017-07-18 00:00","22.7","2017-08-23 00:00","9.6","19.4","21.9","23.3","23.4","25.1","1","","New York","New York","New York","DIVISION STREET","40 DIVISION STREET, PS 124","New York-Newark-Jersey City, NY-NJ-PA","AQS Data Mart"
"36","061","0134","68104","1","40.71436","-73.99518","WGS84","Ambient Max Temperature","24 HOUR","","2017","Degrees Centigrade","No Events","111","91",".",".","110","122","0","Certification not required","12","0","","18.966667","10.276304",".","-7.5","","","36.6","2017-06-12 00:00","35.5","2017-05-19 00:00","35.5","2017-07-21 00:00","34.7","2017-07-12 00:00","20","28.5","31.2","33.6","35.5","35.5","1","","New York","New York","New York","DIVISION STREET","40 DIVISION STREET, PS 124","New York-Newark-Jersey City, NY-NJ-PA","AQS Data Mart"
"36","061","0134","68104","3","40.71436","-73.99518","WGS84","Ambient Max Temperature","24 HOUR","","2017","Degrees Centigrade","No Events","59","97",".",".","59","61","0","Certification not required","4","0","","18.955932","10.249984",".","-3.7","","","36.6","2017-06-12 00:00","35.9","2017-05-19 00:00","34.3","2017-07-12 00:00","33.4","2017-06-30 00:00","20.2","28.7","30.7","34.3","35.9","36.6","1","","New York","New York","New York","DIVISION STREET","40 DIVISION STREET, PS 124","New York-Newark-Jersey City, NY-NJ-PA","AQS Data Mart"
"36","061","0134","68105","1","40.71436","-73.99518","WGS84","Average Ambient Temperature","24 HOUR","","2017","Degrees Centigrade","No Events","111","91",".",".","110","122","0","Certification not required","12","0","","14.244144","9.538045",".","-9.5","","","30.1","2017-07-21 00:00","30","2017-06-12 00:00","29.2","2017-07-12 00:00","28.7","2017-05-19 00:00","15.4","22.5","25.5","27.4","29.2","30","1","","New York","New York","New York","DIVISION STREET","40 DIVISION STREET, PS 124","New York-Newark-Jersey City, NY-NJ-PA","AQS Data Mart"
"36","061","0134","68105","3","40.71436","-73.99518","WGS84","Average Ambient Temperature","24 HOUR","","2017","Degrees Centigrade","No Events","59","97",".",".","59","61","0","Certification not required","4","0","","14.432203","9.319158",".","-6","","","29.8","2017-06-12 00:00","28.9","2017-07-12 00:00","28.5","2017-05-19 00:00","27.1","2017-06-30 00:00","14.2","23.6","25.4","28.5","28.9","29.8","1","","New York","New York","New York","DIVISION STREET","40 DIVISION STREET, PS 124","New York-Newark-Jersey City, NY-NJ-PA","AQS Data Mart"
"36","061","0134","68105","5","40.71436","-73.99518","WGS84","Average Ambient Temperature","24 HOUR","","2017","Degrees Centigrade","No Events","120","98",".",".","120","122","0","Certification not required","2","0","","13.586667","9.418674",".","-5.6","","","29.9","2017-07-21 00:00","29.6","2017-06-12 00:00","28.7","2017-07-12 00:00","28.4","2017-05-19 00:00","14","22.1","25","26.6","28.7","29.6","1","","New York","New York","New York","DIVISION STREET","40 DIVISION STREET, PS 124","New York-Newark-Jersey City, NY-NJ-PA","AQS Data Mart"
"36","061","0134","81102","1","40.71436","-73.99518","WGS84","PM10 Total 0-10um STP","24 HOUR","PM10 24-hour 2006","2017","Micrograms/cubic meter (25 C)","No Events","59","97","0","0","59","61","0","Certified","0","0","","15.915254","6.886489","15.9152542372881","6","","","35","2017-06-12 00:00","31","2017-05-19 00:00","29","2017-05-01 00:00","28","2017-09-16 00:00","14","21","26","29","31","35","1","","New York","New York","New York","DIVISION STREET","40 DIVISION STREET, PS 124","New York-Newark-Jersey City, NY-NJ-PA","AQS Data Mart"
"36","061","0134","88303","5","40.71436","-73.99518","WGS84","Potassium Ion PM2.5 LC","24 HOUR","","2017","Micrograms/cubic meter (LC)","No Events","120","98",".",".","120","122","0","Certification not required","2","0","","0.0285","0.105038",".","0","","","1.14","2017-03-14 00:00","0.17","2017-10-22 00:00","0.16","2017-01-01 00:00","0.08","2017-10-19 00:00","0.01","0.02","0.04","0.06","0.16","0.17","1","","New York","New York","New York","DIVISION STREET","40 DIVISION STREET, PS 124","New York-Newark-Jersey City, NY-NJ-PA","AQS Data Mart"
"36","061","0134","88185","5","40.71436","-73.99518","WGS84","Zirconium PM2.5 LC","24 HOUR","","2017","Micrograms/cubic meter (LC)","No Events","120","98",".",".","120","122","0","Certification not required","2","0","","0.002092","0.013028",".","-0.028","","","0.035","2017-12-09 00:00","0.032","2017-06-24 00:00","0.03","2017-07-06 00:00","0.03","2017-11-24 00:00","0.003","0.01","0.018","0.028","0.03","0.032","1","","New York","New York","New York","DIVISION STREET","40 DIVISION STREET, PS 124","New York-Newark-Jersey City, NY-NJ-PA","AQS Data Mart"
"36","061","0134","88502","3","40.71436","-73.99518","WGS84","Acceptable PM2.5 AQI & Speciation Mass","24-HR BLK AVG","","2017","Micrograms/cubic meter (LC)","No Events","363","99",".",".","363","365","0","Certification not required","0","0","","6.875207","3.57488",".","-0.3","","","17.7","2017-07-20 00:00","16.9","2017-02-23 00:00","16.7","2017-08-02 00:00","16.4","2017-06-13 00:00","6.3","9.3","11.7","13.6","14.8","16.4","1","","New York","New York","New York","DIVISION STREET","40 DIVISION STREET, PS 124","New York-Newark-Jersey City, NY-NJ-PA","AQS Data Mart"
"36","061","0134","88502","3","40.71436","-73.99518","WGS84","Acceptable PM2.5 AQI & Speciation Mass","1 HOUR","","2017","Micrograms/cubic meter (LC)","No Events","8692","99",".",".","363","365","0","Certification not required","42","0","","6.926795","4.893335",".","-4.9","","","45.5","2017-07-05 02:00","44","2017-08-10 03:00","42.4","2017-08-10 04:00","37.1","2017-08-02 13:00","6.3","9.5","13.2","16","19","21.6","1","","New York","New York","New York","DIVISION STREET","40 DIVISION STREET, PS 124","New York-Newark-Jersey City, NY-NJ-PA","AQS Data Mart"
"36","061","0134","88385","5","40.71436","-73.99518","WGS84","EC3 CSN_Rev Unadjusted PM2.5 LC","24 HOUR","","2017","Micrograms/cubic meter (LC)","No Events","120","98",".",".","120","122","0","Certification not required","2","0","","3E-6","0.000037",".","0","","","0.00041","2017-12-09 00:00","0","2017-01-01 00:00","0","2017-01-04 00:00","0","2017-01-07 00:00","0","0","0","0","0","0","1","","New York","New York","New York","DIVISION STREET","40 DIVISION STREET, PS 124","New York-Newark-Jersey City, NY-NJ-PA","AQS Data Mart"
"36","061","0134","88384","5","40.71436","-73.99518","WGS84","EC2 CSN_Rev Unadjusted PM2.5 LC","24 HOUR","","2017","Micrograms/cubic meter (LC)","No Events","120","98",".",".","120","122","0","Certification not required","2","0","","0.034297","0.022637",".","0","","","0.10894","2017-09-25 00:00","0.1059","2017-12-21 00:00","0.10335","2017-10-31 00:00","0.10057","2017-09-19 00:00","0.03108","0.04659","0.06098","0.08459","0.10335","0.1059","1","","New York","New York","New York","DIVISION STREET","40 DIVISION STREET, PS 124","New York-Newark-Jersey City, NY-NJ-PA","AQS Data Mart"
"36","061","0134","88383","5","40.71436","-73.99518","WGS84","EC1 CSN_Rev Unadjusted PM2.5 LC","24 HOUR","","2017","Micrograms/cubic meter (LC)","No Events","120","98",".",".","120","122","0","Certification not required","2","0","","0.953569","0.4109",".","0.32711","","","2.18447","2017-02-12 00:00","2.18336","2017-08-02 00:00","2.17814","2017-06-12 00:00","2.08103","2017-09-16 00:00","0.86983","1.23067","1.48709","1.65756","2.17814","2.18336","1","","New York","New York","New York","DIVISION STREET","40 DIVISION STREET, PS 124","New York-Newark-Jersey City, NY-NJ-PA","AQS Data Mart"
"36","061","0134","88382","5","40.71436","-73.99518","WGS84","OC PM2.5 LC TOT","24 HOUR","","2017","Micrograms/cubic meter (LC)","No Events","120","98",".",".","120","122","0","Certification not required","2","0","","2.835973","1.210952",".","0.881","","","7.38971","2017-08-02 00:00","7.27061","2017-06-12 00:00","6.1083","2017-09-16 00:00","5.92305","2017-09-25 00:00","2.6905","3.46142","4.40497","4.95773","6.1083","7.27061","1","","New York","New York","New York","DIVISION STREET","40 DIVISION STREET, PS 124","New York-Newark-Jersey City, NY-NJ-PA","AQS Data Mart"
"36","061","0134","88388","5","40.71436","-73.99518","WGS84","OP CSN_Rev Unadjusted PM2.5 LC TOT","24 HOUR","","2017","Micrograms/cubic meter (LC)","No Events","120","98",".",".","120","122","0","Certification not required","2","0","","0.320175","0.237011",".","0","","","1.272","2017-09-16 00:00","1.117","2017-08-02 00:00","0.985","2017-07-12 00:00","0.982","2017-06-12 00:00","0.292","0.419","0.594","0.7","0.985","1.117","1","","New York","New York","New York","DIVISION STREET","40 DIVISION STREET, PS 124","New York-Newark-Jersey City, NY-NJ-PA","AQS Data Mart"
"36","061","0134","88380","5","40.71436","-73.99518","WGS84","EC CSN_Rev Unadjusted PM2.5 LC TOR","24 HOUR","","2017","Micrograms/cubic meter (LC)","No Events","120","98",".",".","120","122","0","Certification not required","2","0","","0.943408","0.396141",".","0.239","","","2.204","2017-02-12 00:00","2","2017-06-12 00:00","1.944","2017-09-16 00:00","1.775","2017-08-02 00:00","0.884","1.233","1.485","1.706","1.944","2","1","","New York","New York","New York","DIVISION STREET","40 DIVISION STREET, PS 124","New York-Newark-Jersey City, NY-NJ-PA","AQS Data Mart"
"36","061","0134","88377","5","40.71436","-73.99518","WGS84","OC4 CSN_Rev Unadjusted PM2.5 LC","24 HOUR","","2017","Micrograms/cubic meter (LC)","No Events","120","98",".",".","120","122","0","Certification not required","2","0","","0.636133","0.285298",".","0.176","","","1.642","2017-12-18 00:00","1.372","2017-09-25 00:00","1.367","2017-01-16 00:00","1.344","2017-09-13 00:00","0.622","0.779","1.006","1.257","1.367","1.372","1","","New York","New York","New York","DIVISION STREET","40 DIVISION STREET, PS 124","New York-Newark-Jersey City, NY-NJ-PA","AQS Data Mart"
"36","061","0134","88374","5","40.71436","-73.99518","WGS84","OC1 CSN_Rev Unadjusted PM2.5 LC","24 HOUR","","2017","Micrograms/cubic meter (LC)","No Events","120","98",".",".","120","122","0","Certification not required","2","0","","0.255317","0.200367",".","0","","","1.062","2017-06-30 00:00","0.904","2017-09-25 00:00","0.883","2017-09-16 00:00","0.881","2017-06-12 00:00","0.22","0.35","0.509","0.655","0.883","0.904","1","","New York","New York","New York","DIVISION STREET","40 DIVISION STREET, PS 124","New York-Newark-Jersey City, NY-NJ-PA","AQS Data Mart"
"36","061","0134","88381","5","40.71436","-73.99518","WGS84","EC PM2.5 LC TOT","24 HOUR","","2017","Micrograms/cubic meter (LC)","No Events","120","98",".",".","120","122","0","Certification not required","2","0","","0.667733","0.319869",".","0.161","","","1.767","2017-09-25 00:00","1.706","2017-12-18 00:00","1.638","2017-02-12 00:00","1.485","2017-09-13 00:00","0.632","0.819","1.083","1.442","1.638","1.706","1","","New York","New York","New York","DIVISION STREET","40 DIVISION STREET, PS 124","New York-Newark-Jersey City, NY-NJ-PA","AQS Data Mart"
"36","061","0134","88379","5","40.71436","-73.99518","WGS84","OP PM2.5 LC TOT","24 HOUR","","2017","Micrograms/cubic meter (LC)","No Events","120","98",".",".","120","122","0","Certification not required","2","0","","0.320158","0.237013",".","0","","","1.272","2017-09-16 00:00","1.117","2017-08-02 00:00","0.985","2017-07-12 00:00","0.982","2017-06-12 00:00","0.292","0.419","0.594","0.7","0.985","1.117","1","","New York","New York","New York","DIVISION STREET","40 DIVISION STREET, PS 124","New York-Newark-Jersey City, NY-NJ-PA","AQS Data Mart"
"36","061","0134","88378","5","40.71436","-73.99518","WGS84","OP CSN_Rev Unadjusted PM2.5 LC TOR","24 HOUR","","2017","Micrograms/cubic meter (LC)","No Events","120","98",".",".","120","122","0","Certification not required","2","0","","0.044508","0.097268",".","0","","","0.535","2017-01-25 00:00","0.416","2017-08-02 00:00","0.379","2017-01-10 00:00","0.311","2017-07-09 00:00","0","0.018","0.18","0.26","0.379","0.416","1","","New York","New York","New York","DIVISION STREET","40 DIVISION STREET, PS 124","New York-Newark-Jersey City, NY-NJ-PA","AQS Data Mart"
"36","061","0134","88376","5","40.71436","-73.99518","WGS84","OC3 CSN_Rev Unadjusted PM2.5 LC","24 HOUR","","2017","Micrograms/cubic meter (LC)","No Events","120","98",".",".","120","122","0","Certification not required","2","0","","1.113433","0.407996",".","0.336","","","2.564","2017-08-02 00:00","2.289","2017-09-25 00:00","2.246","2017-06-12 00:00","1.873","2017-10-22 00:00","1.064","1.422","1.668","1.734","2.246","2.289","1","","New York","New York","New York","DIVISION STREET","40 DIVISION STREET, PS 124","New York-Newark-Jersey City, NY-NJ-PA","AQS Data Mart"
"36","061","0134","88375","5","40.71436","-73.99518","WGS84","OC2 CSN_Rev Unadjusted PM2.5 LC","24 HOUR","","2017","Micrograms/cubic meter (LC)","No Events","120","98",".",".","120","122","0","Certification not required","2","0","","0.612558","0.319782",".","0.178","","","2.169","2017-08-02 00:00","2.031","2017-06-12 00:00","1.467","2017-09-25 00:00","1.39","2017-09-16 00:00","0.556","0.745","0.933","1.284","1.467","2.031","1","","New York","New York","New York","DIVISION STREET","40 DIVISION STREET, PS 124","New York-Newark-Jersey City, NY-NJ-PA","AQS Data Mart"
"36","061","0134","88370","5","40.71436","-73.99518","WGS84","OC CSN_Rev Unadjusted PM2.5 LC TOR","24 HOUR","","2017","Micrograms/cubic meter (LC)","No Events","120","98",".",".","120","122","0","Certification not required","2","0","","2.662025","1.111687",".","0.886","","","6.8","2017-08-02 00:00","6.625","2017-06-12 00:00","6.032","2017-09-25 00:00","5.116","2017-09-16 00:00","2.521","3.215","4.043","4.937","6.032","6.625","1","","New York","New York","New York","DIVISION STREET","40 DIVISION STREET, PS 124","New York-Newark-Jersey City, NY-NJ-PA","AQS Data Mart"
"36","061","0134","88357","5","40.71436","-73.99518","WGS84","EC CSN_Rev Unadjusted PM2.5 LC TOT","24 HOUR","","2017","Micrograms/cubic meter (LC)","No Events","120","98",".",".","120","122","0","Certification not required","2","0","","0.667733","0.319869",".","0.161","","","1.767","2017-09-25 00:00","1.706","2017-12-18 00:00","1.638","2017-02-12 00:00","1.485","2017-09-13 00:00","0.632","0.819","1.083","1.442","1.638","1.706","1","","New York","New York","New York","DIVISION STREET","40 DIVISION STREET, PS 124","New York-Newark-Jersey City, NY-NJ-PA","AQS Data Mart"
"36","061","0134","88355","5","40.71436","-73.99518","WGS84","OC CSN_Rev Unadjusted PM2.5 LC TOT","24 HOUR","","2017","Micrograms/cubic meter (LC)","No Events","120","98",".",".","120","122","0","Certification not required","2","0","","2.937708","1.215548",".","0.977","","","7.501","2017-08-02 00:00","7.398","2017-06-12 00:00","6.217","2017-09-16 00:00","6.032","2017-09-25 00:00","2.765","3.584","4.485","5.056","6.217","7.398","1","","New York","New York","New York","DIVISION STREET","40 DIVISION STREET, PS 124","New York-Newark-Jersey City, NY-NJ-PA","AQS Data Mart"
"36","061","0134","88203","5","40.71436","-73.99518","WGS84","Chloride PM2.5 LC","24 HOUR","","2017","Micrograms/cubic meter (LC)","No Events","109","89",".",".","109","122","0","Certification not required","2","0","","0.324882","2.066551",".","-0.01623","","","21.64734","2017-03-14 00:00","0.73955","2017-06-18 00:00","0.69344","2017-05-01 00:00","0.68051","2017-10-13 00:00","0.07962","0.15337","0.26045","0.5618","0.69344","0.73955","1","","New York","New York","New York","DIVISION STREET","40 DIVISION STREET, PS 124","New York-Newark-Jersey City, NY-NJ-PA","AQS Data Mart"
"36","061","0134","88164","5","40.71436","-73.99518","WGS84","Vanadium PM2.5 LC","24 HOUR","","2017","Micrograms/cubic meter (LC)","No Events","120","98",".",".","120","122","0","Certification not required","2","0","","0.00055","0.000808",".","0","","","0.003","2017-01-07 00:00","0.003","2017-04-10 00:00","0.003","2017-08-11 00:00","0.003","2017-09-04 00:00","0","0.001","0.002","0.002","0.003","0.003","1","","New York","New York","New York","DIVISION STREET","40 DIVISION STREET, PS 124","New York-Newark-Jersey City, NY-NJ-PA","AQS Data Mart"
"36","061","0134","88501","3","40.71436","-73.99518","WGS84","PM2.5 Raw Data","24-HR BLK AVG","","2017","Micrograms/cubic meter (LC)","No Events","333","91",".",".","333","365","0","Certification not required","0","0","","8.265766","3.078829",".","2.3","","","20","2017-07-20 00:00","19.1","2017-08-02 00:00","18.7","2017-06-13 00:00","18.1","2017-06-12 00:00","7.5","9.6","12.9","14.8","16.4","18.1","1","","New York","New York","New York","DIVISION STREET","40 DIVISION STREET, PS 124","New York-Newark-Jersey City, NY-NJ-PA","AQS Data Mart"
"36","061","0134","88501","3","40.71436","-73.99518","WGS84","PM2.5 Raw Data","1 HOUR","","2017","Micrograms/cubic meter (LC)","No Events","7982","91",".",".","333","365","0","Certification not required","32","0","","8.311363","4.314149",".","-6.2","","","45","2017-07-05 02:00","43.6","2017-08-10 03:00","42.1","2017-08-10 04:00","37.4","2017-08-02 13:00","7.5","10.2","14.1","16.6","19.6","21.6","1","","New York","New York","New York","DIVISION STREET","40 DIVISION STREET, PS 124","New York-Newark-Jersey City, NY-NJ-PA","AQS Data Mart"
"36","061","0134","88166","5","40.71436","-73.99518","WGS84","Silver PM2.5 LC","24 HOUR","","2017","Micrograms/cubic meter (LC)","No Events","120","98",".",".","120","122","0","Certification not required","2","0","","0.001267","0.006228",".","-0.01","","","0.019","2017-07-24 00:00","0.016","2017-09-25 00:00","0.016","2017-12-09 00:00","0.015","2017-07-06 00:00","0","0.006","0.01","0.015","0.016","0.016","1","","New York","New York","New York","DIVISION STREET","40 DIVISION STREET, PS 124","New York-Newark-Jersey City, NY-NJ-PA","AQS Data Mart"
"36","061","0134","88330","5","40.71436","-73.99518","WGS84","EC2 PM2.5 LC","24 HOUR","","2017","Micrograms/cubic meter (LC)","No Events","120","98",".",".","120","122","0","Certification not required","2","0","","0.0342","0.022485",".","0","","","0.109","2017-09-25 00:00","0.105","2017-12-21 00:00","0.103","2017-10-31 00:00","0.101","2017-09-19 00:00","0.031","0.046","0.06","0.085","0.103","0.105","1","","New York","New York","New York","DIVISION STREET","40 DIVISION STREET, PS 124","New York-Newark-Jersey City, NY-NJ-PA","AQS Data Mart"
"36","061","0134","88327","5","40.71436","-73.99518","WGS84","OC4 PM2.5 LC","24 HOUR","","2017","Micrograms/cubic meter (LC)","No Events","120","98",".",".","120","122","0","Certification not required","2","0","","0.634958","0.285237",".","0.176","","","1.636","2017-12-18 00:00","1.372","2017-09-25 00:00","1.367","2017-01-16 00:00","1.344","2017-09-13 00:00","0.622","0.779","1.006","1.257","1.367","1.372","1","","New York","New York","New York","DIVISION STREET","40 DIVISION STREET, PS 124","New York-Newark-Jersey City, NY-NJ-PA","AQS Data Mart"
"36","061","0134","88324","5","40.71436","-73.99518","WGS84","OC1 PM2.5 LC","24 HOUR","","2017","Micrograms/cubic meter (LC)","No Events","120","98",".",".","120","122","0","Certification not required","2","0","","0.241392","0.197146",".","-0.014","","","1.039","2017-06-30 00:00","0.889","2017-09-25 00:00","0.867","2017-09-16 00:00","0.858","2017-06-12 00:00","0.193","0.34","0.465","0.655","0.867","0.889","1","","New York","New York","New York","DIVISION STREET","40 DIVISION STREET, PS 124","New York-Newark-Jersey City, NY-NJ-PA","AQS Data Mart"
"36","061","0134","85101","1","40.71436","-73.99518","WGS84","PM10 - LC","24 HOUR","","2017","Micrograms/cubic meter (LC)","No Events","59","97",".",".","59","61","0","Certification not required","4","0","","16.440678","6.951237",".","6","","","35","2017-06-12 00:00","31","2017-05-19 00:00","30","2017-05-01 00:00","28","2017-09-16 00:00","15","22","27","30","31","35","1","","New York","New York","New York","DIVISION STREET","40 DIVISION STREET, PS 124","New York-Newark-Jersey City, NY-NJ-PA","AQS Data Mart"
"36","061","0134","88331","5","40.71436","-73.99518","WGS84","EC3 PM2.5 LC","24 HOUR","","2017","Micrograms/cubic meter (LC)","No Events","120","98",".",".","120","122","0","Certification not required","2","0","","0","0",".","0","","","0","2017-01-01 00:00","0","2017-01-04 00:00","0","2017-01-07 00:00","0","2017-01-10 00:00","0","0","0","0","0","0","1","","New York","New York","New York","DIVISION STREET","40 DIVISION STREET, PS 124","New York-Newark-Jersey City, NY-NJ-PA","AQS Data Mart"
"36","061","0134","88329","5","40.71436","-73.99518","WGS84","EC1 PM2.5 LC","24 HOUR","","2017","Micrograms/cubic meter (LC)","No Events","120","98",".",".","120","122","0","Certification not required","2","0","","0.953567","0.410905",".","0.327","","","2.184","2017-02-12 00:00","2.183","2017-08-02 00:00","2.178","2017-06-12 00:00","2.081","2017-09-16 00:00","0.87","1.231","1.487","1.658","2.178","2.183","1","","New York","New York","New York","DIVISION STREET","40 DIVISION STREET, PS 124","New York-Newark-Jersey City, NY-NJ-PA","AQS Data Mart"
"36","061","0134","88328","5","40.71436","-73.99518","WGS84","OP PM2.5 LC TOR","24 HOUR","","2017","Micrograms/cubic meter (LC)","No Events","120","98",".",".","120","122","0","Certification not required","2","0","","0.044508","0.097268",".","0","","","0.535","2017-01-25 00:00","0.416","2017-08-02 00:00","0.379","2017-01-10 00:00","0.311","2017-07-09 00:00","0","0.018","0.18","0.26","0.379","0.416","1","","New York","New York","New York","DIVISION STREET","40 DIVISION STREET, PS 124","New York-Newark-Jersey City, NY-NJ-PA","AQS Data Mart"
"36","061","0134","88326","5","40.71436","-73.99518","WGS84","OC3 PM2.5 LC","24 HOUR","","2017","Micrograms/cubic meter (LC)","No Events","120","98",".",".","120","122","0","Certification not required","2","0","","1.058492","0.404791",".","0.29","","","2.497","2017-08-02 00:00","2.233","2017-09-25 00:00","2.176","2017-06-12 00:00","1.833","2017-10-22 00:00","1","1.353","1.607","1.679","2.176","2.233","1","","New York","New York","New York","DIVISION STREET","40 DIVISION STREET, PS 124","New York-Newark-Jersey City, NY-NJ-PA","AQS Data Mart"
"36","061","0134","88325","5","40.71436","-73.99518","WGS84","OC2 PM2.5 LC","24 HOUR","","2017","Micrograms/cubic meter (LC)","No Events","120","98",".",".","120","122","0","Certification not required","2","0","","0.585383","0.317817",".","0.159","","","2.136","2017-08-02 00:00","1.999","2017-06-12 00:00","1.436","2017-09-25 00:00","1.359","2017-09-16 00:00","0.528","0.712","0.905","1.253","1.436","1.999","1","","New York","New York","New York","DIVISION STREET","40 DIVISION STREET, PS 124","New York-Newark-Jersey City, NY-NJ-PA","AQS Data Mart"
"36","061","0134","88321","5","40.71436","-73.99518","WGS84","EC PM2.5 LC TOR","24 HOUR","","2017","Micrograms/cubic meter (LC)","No Events","120","98",".",".","120","122","0","Certification not required","2","0","","0.943408","0.396141",".","0.239","","","2.204","2017-02-12 00:00","2","2017-06-12 00:00","1.944","2017-09-16 00:00","1.775","2017-08-02 00:00","0.884","1.233","1.485","1.706","1.944","2","1","","New York","New York","New York","DIVISION STREET","40 DIVISION STREET, PS 124","New York-Newark-Jersey City, NY-NJ-PA","AQS Data Mart"
"36","061","0134","88320","5","40.71436","-73.99518","WGS84","OC PM2.5 LC TOR","24 HOUR","","2017","Micrograms/cubic meter (LC)","No Events","120","98",".",".","120","122","0","Certification not required","2","0","","2.560883","1.107262",".","0.79","","","6.689","2017-08-02 00:00","6.498","2017-06-12 00:00","5.924","2017-09-25 00:00","5.008","2017-09-16 00:00","2.459","3.107","3.947","4.805","5.924","6.498","1","","New York","New York","New York","DIVISION STREET","40 DIVISION STREET, PS 124","New York-Newark-Jersey City, NY-NJ-PA","AQS Data Mart"
"36","061","0134","88165","5","40.71436","-73.99518","WGS84","Silicon PM2.5 LC","24 HOUR","","2017","Micrograms/cubic meter (LC)","No Events","120","98",".",".","120","122","0","Certification not required","2","0","","0.046267","0.059838",".","-0.008","","","0.63","2017-09-19 00:00","0.139","2017-06-12 00:00","0.114","2017-05-19 00:00","0.112","2017-09-13 00:00","0.035","0.058","0.078","0.104","0.114","0.139","1","","New York","New York","New York","DIVISION STREET","40 DIVISION STREET, PS 124","New York-Newark-Jersey City, NY-NJ-PA","AQS Data Mart"
"36","061","0134","88132","5","40.71436","-73.99518","WGS84","Manganese PM2.5 LC","24 HOUR","","2017","Micrograms/cubic meter (LC)","No Events","120","98",".",".","120","122","0","Certification not required","2","0","","0.001808","0.002555",".","-0.005","","","0.009","2017-05-31 00:00","0.008","2017-09-19 00:00","0.007","2017-03-08 00:00","0.007","2017-12-03 00:00","0.002","0.003","0.005","0.006","0.007","0.008","1","","New York","New York","New York","DIVISION STREET","40 DIVISION STREET, PS 124","New York-Newark-Jersey City, NY-NJ-PA","AQS Data Mart"
"36","061","0134","88306","5","40.71436","-73.99518","WGS84","Total Nitrate PM2.5 LC","24 HOUR","","2017","Micrograms/cubic meter (LC)","No Events","120","98",".",".","120","122","0","Certification not required","2","0","","1.211","1.890227",".","0","","","16.93","2017-03-14 00:00","6.78","2017-12-18 00:00","5.27","2017-09-16 00:00","4.9","2017-01-16 00:00","0.61","1.43","3.07","4.26","5.27","6.78","1","","New York","New York","New York","DIVISION STREET","40 DIVISION STREET, PS 124","New York-Newark-Jersey City, NY-NJ-PA","AQS Data Mart"
"36","061","0134","88180","5","40.71436","-73.99518","WGS84","Potassium PM2.5 LC","24 HOUR","","2017","Micrograms/cubic meter (LC)","No Events","120","98",".",".","120","122","0","Certification not required","2","0","","0.050058","0.038598",".","-0.009","","","0.31","2017-01-01 00:00","0.216","2017-10-22 00:00","0.203","2017-07-03 00:00","0.136","2017-06-27 00:00","0.042","0.057","0.076","0.1","0.203","0.216","1","","New York","New York","New York","DIVISION STREET","40 DIVISION STREET, PS 124","New York-Newark-Jersey City, NY-NJ-PA","AQS Data Mart"
"36","061","0134","88154","5","40.71436","-73.99518","WGS84","Selenium PM2.5 LC","24 HOUR","","2017","Micrograms/cubic meter (LC)","No Events","120","98",".",".","120","122","0","Certification not required","2","0","","0.000167","0.001812",".","-0.003","","","0.005","2017-05-10 00:00","0.004","2017-04-22 00:00","0.004","2017-06-15 00:00","0.004","2017-07-18 00:00","0","0.002","0.003","0.003","0.004","0.004","1","","New York","New York","New York","DIVISION STREET","40 DIVISION STREET, PS 124","New York-Newark-Jersey City, NY-NJ-PA","AQS Data Mart"
"36","061","0134","88126","5","40.71436","-73.99518","WGS84","Iron PM2.5 LC","24 HOUR","","2017","Micrograms/cubic meter (LC)","No Events","120","98",".",".","120","122","0","Certification not required","2","0","","0.129808","0.080611",".","0.004","","","0.505","2017-01-22 00:00","0.4","2017-05-01 00:00","0.38","2017-03-08 00:00","0.37","2017-07-03 00:00","0.113","0.156","0.214","0.342","0.38","0.4","1","","New York","New York","New York","DIVISION STREET","40 DIVISION STREET, PS 124","New York-Newark-Jersey City, NY-NJ-PA","AQS Data Mart"
"36","061","0134","88118","5","40.71436","-73.99518","WGS84","Cesium PM2.5 LC","24 HOUR","","2017","Micrograms/cubic meter (LC)","No Events","120","98",".",".","120","122","0","Certification not required","2","0","","0.002283","0.023707",".","-0.053","","","0.077","2017-01-22 00:00","0.065","2017-06-09 00:00","0.058","2017-02-21 00:00","0.053","2017-04-29 00:00","0","0.019","0.03","0.046","0.058","0.065","1","","New York","New York","New York","DIVISION STREET","40 DIVISION STREET, PS 124","New York-Newark-Jersey City, NY-NJ-PA","AQS Data Mart"
"36","061","0134","88114","5","40.71436","-73.99518","WGS84","Copper PM2.5 LC","24 HOUR","","2017","Micrograms/cubic meter (LC)","No Events","120","98",".",".","120","122","0","Certification not required","2","0","","0.006367","0.004408",".","-0.001","","","0.036","2017-12-18 00:00","0.019","2017-07-03 00:00","0.017","2017-01-22 00:00","0.017","2017-03-08 00:00","0.006","0.008","0.01","0.014","0.017","0.019","1","","New York","New York","New York","DIVISION STREET","40 DIVISION STREET, PS 124","New York-Newark-Jersey City, NY-NJ-PA","AQS Data Mart"
"36","061","0134","88112","5","40.71436","-73.99518","WGS84","Chromium PM2.5 LC","24 HOUR","","2017","Micrograms/cubic meter (LC)","No Events","120","98",".",".","120","122","0","Certification not required","2","0","","0.004908","0.015343",".","-0.003","","","0.105","2017-01-22 00:00","0.083","2017-01-07 00:00","0.069","2017-03-08 00:00","0.068","2017-07-03 00:00","0.001","0.003","0.006","0.031","0.069","0.083","1","","New York","New York","New York","DIVISION STREET","40 DIVISION STREET, PS 124","New York-Newark-Jersey City, NY-NJ-PA","AQS Data Mart"
"36","061","0134","88107","5","40.71436","-73.99518","WGS84","Barium PM2.5 LC","24 HOUR","","2017","Micrograms/cubic meter (LC)","No Events","120","98",".",".","120","122","0","Certification not required","2","0","","0.00285","0.024689",".","-0.048","","","0.073","2017-03-02 00:00","0.072","2017-06-15 00:00","0.058","2017-07-27 00:00","0.056","2017-02-06 00:00","0.001","0.019","0.033","0.047","0.058","0.072","1","","New York","New York","New York","DIVISION STREET","40 DIVISION STREET, PS 124","New York-Newark-Jersey City, NY-NJ-PA","AQS Data Mart"
"36","061","0134","88102","5","40.71436","-73.99518","WGS84","Antimony PM2.5 LC","24 HOUR","","2017","Micrograms/cubic meter (LC)","No Events","120","98",".",".","120","122","0","Certification not required","2","0","","0.003825","0.016926",".","-0.033","","","0.061","2017-06-24 00:00","0.046","2017-02-03 00:00","0.041","2017-11-03 00:00","0.039","2017-10-25 00:00","0.001","0.014","0.028","0.035","0.041","0.046","1","","New York","New York","New York","DIVISION STREET","40 DIVISION STREET, PS 124","New York-Newark-Jersey City, NY-NJ-PA","AQS Data Mart"
"36","061","0134","88184","5","40.71436","-73.99518","WGS84","Sodium PM2.5 LC","24 HOUR","","2017","Micrograms/cubic meter (LC)","No Events","120","98",".",".","120","122","0","Certification not required","2","0","","0.048767","0.081306",".","-0.011","","","0.448","2017-06-18 00:00","0.445","2017-05-01 00:00","0.375","2017-10-13 00:00","0.285","2017-01-07 00:00","0.018","0.069","0.14","0.185","0.375","0.445","1","","New York","New York","New York","DIVISION STREET","40 DIVISION STREET, PS 124","New York-Newark-Jersey City, NY-NJ-PA","AQS Data Mart"
"36","061","0134","88110","5","40.71436","-73.99518","WGS84","Cadmium PM2.5 LC","24 HOUR","","2017","Micrograms/cubic meter (LC)","No Events","120","98",".",".","120","122","0","Certification not required","2","0","","0.001925","0.006353",".","-0.012","","","0.02","2017-04-07 00:00","0.02","2017-09-01 00:00","0.018","2017-01-01 00:00","0.014","2017-03-14 00:00","0.001","0.005","0.012","0.014","0.018","0.02","1","","New York","New York","New York","DIVISION STREET","40 DIVISION STREET, PS 124","New York-Newark-Jersey City, NY-NJ-PA","AQS Data Mart"
"36","061","0134","88403","5","40.71436","-73.99518","WGS84","Sulfate PM2.5 LC","24 HOUR","","2017","Micrograms/cubic meter (LC)","No Events","120","98",".",".","120","122","0","Certification not required","2","0","","0.910417","1.265422",".","0","","","13.61","2017-03-14 00:00","2.84","2017-09-16 00:00","2.15","2017-07-12 00:00","2.04","2017-02-06 00:00","0.73","1.05","1.51","1.97","2.15","2.84","1","","New York","New York","New York","DIVISION STREET","40 DIVISION STREET, PS 124","New York-Newark-Jersey City, NY-NJ-PA","AQS Data Mart"
"36","061","0134","88301","5","40.71436","-73.99518","WGS84","Ammonium Ion PM2.5 LC","24 HOUR","","2017","Micrograms/cubic meter (LC)","No Events","120","98",".",".","120","122","0","Certification not required","2","0","","0.281583","0.389753",".","0","","","2.18","2017-09-16 00:00","2.03","2017-12-18 00:00","1.28","2017-02-06 00:00","1.26","2017-12-30 00:00","0.13","0.37","0.68","1.22","1.28","2.03","1","","New York","New York","New York","DIVISION STREET","40 DIVISION STREET, PS 124","New York-Newark-Jersey City, NY-NJ-PA","AQS Data Mart"
"36","061","0134","88176","5","40.71436","-73.99518","WGS84","Rubidium PM2.5 LC","24 HOUR","","2017","Micrograms/cubic meter (LC)","No Events","120","98",".",".","120","122","0","Certification not required","2","0","","-0.000133","0.002557",".","-0.005","","","0.008","2017-02-24 00:00","0.008","2017-10-31 00:00","0.006","2017-12-09 00:00","0.005","2017-01-07 00:00","-0.001","0.001","0.003","0.005","0.006","0.008","1","","New York","New York","New York","DIVISION STREET","40 DIVISION STREET, PS 124","New York-Newark-Jersey City, NY-NJ-PA","AQS Data Mart"
"36","061","0134","88169","5","40.71436","-73.99518","WGS84","Sulfur PM2.5 LC","24 HOUR","","2017","Micrograms/cubic meter (LC)","No Events","120","98",".",".","120","122","0","Certification not required","2","0","","0.310892","0.180564",".","0","","","0.923","2017-09-16 00:00","0.865","2017-06-12 00:00","0.837","2017-07-12 00:00","0.752","2017-05-19 00:00","0.277","0.386","0.591","0.675","0.837","0.865","1","","New York","New York","New York","DIVISION STREET","40 DIVISION STREET, PS 124","New York-Newark-Jersey City, NY-NJ-PA","AQS Data Mart"
"36","061","0134","88167","5","40.71436","-73.99518","WGS84","Zinc PM2.5 LC","24 HOUR","","2017","Micrograms/cubic meter (LC)","No Events","120","98",".",".","120","122","0","Certification not required","2","0","","0.014817","0.008373",".","0.001","","","0.045","2017-12-18 00:00","0.044","2017-01-16 00:00","0.036","2017-01-10 00:00","0.034","2017-05-01 00:00","0.013","0.019","0.026","0.03","0.036","0.044","1","","New York","New York","New York","DIVISION STREET","40 DIVISION STREET, PS 124","New York-Newark-Jersey City, NY-NJ-PA","AQS Data Mart"
"36","061","0134","88160","5","40.71436","-73.99518","WGS84","Tin PM2.5 LC","24 HOUR","","2017","Micrograms/cubic meter (LC)","No Events","120","98",".",".","120","122","0","Certification not required","2","0","","0.004058","0.016325",".","-0.031","","","0.052","2017-01-31 00:00","0.052","2017-06-24 00:00","0.043","2017-10-28 00:00","0.042","2017-12-09 00:00","0.003","0.013","0.028","0.033","0.043","0.052","1","","New York","New York","New York","DIVISION STREET","40 DIVISION STREET, PS 124","New York-Newark-Jersey City, NY-NJ-PA","AQS Data Mart"
"36","061","0134","88152","5","40.71436","-73.99518","WGS84","Phosphorus PM2.5 LC","24 HOUR","","2017","Micrograms/cubic meter (LC)","No Events","120","98",".",".","120","122","0","Certification not required","2","0","","0.001","0.002074",".","0","","","0.012","2017-01-16 00:00","0.01","2017-04-01 00:00","0.008","2017-12-18 00:00","0.007","2017-01-07 00:00","0","0.001","0.003","0.006","0.008","0.01","1","","New York","New York","New York","DIVISION STREET","40 DIVISION STREET, PS 124","New York-Newark-Jersey City, NY-NJ-PA","AQS Data Mart"
"36","061","0134","88140","5","40.71436","-73.99518","WGS84","Magnesium PM2.5 LC","24 HOUR","","2017","Micrograms/cubic meter (LC)","No Events","120","98",".",".","120","122","0","Certification not required","2","0","","0.007958","0.020388",".","-0.02","","","0.069","2017-05-01 00:00","0.057","2017-07-18 00:00","0.052","2017-06-15 00:00","0.05","2017-10-07 00:00","0.006","0.022","0.038","0.045","0.052","0.057","1","","New York","New York","New York","DIVISION STREET","40 DIVISION STREET, PS 124","New York-Newark-Jersey City, NY-NJ-PA","AQS Data Mart"
"36","061","0134","88128","5","40.71436","-73.99518","WGS84","Lead PM2.5 LC","24 HOUR","","2017","Micrograms/cubic meter (LC)","No Events","120","98",".",".","120","122","0","Certification not required","2","0","","0.001875","0.007981",".","-0.012","","","0.06","2017-12-18 00:00","0.017","2017-04-04 00:00","0.016","2017-10-31 00:00","0.016","2017-12-06 00:00","0.001","0.005","0.01","0.013","0.016","0.017","1","","New York","New York","New York","DIVISION STREET","40 DIVISION STREET, PS 124","New York-Newark-Jersey City, NY-NJ-PA","AQS Data Mart"
"36","061","0134","88302","5","40.71436","-73.99518","WGS84","Sodium Ion Pm2.5 LC","24 HOUR","","2017","Micrograms/cubic meter (LC)","No Events","120","98",".",".","120","122","0","Certification not required","2","0","","0.188583","1.182054",".","0","","","12.97","2017-03-14 00:00","0.69","2017-07-06 00:00","0.62","2017-06-18 00:00","0.47","2017-10-13 00:00","0.05","0.09","0.18","0.42","0.62","0.69","1","","New York","New York","New York","DIVISION STREET","40 DIVISION STREET, PS 124","New York-Newark-Jersey City, NY-NJ-PA","AQS Data Mart"
"36","061","0134","88168","5","40.71436","-73.99518","WGS84","Strontium PM2.5 LC","24 HOUR","","2017","Micrograms/cubic meter (LC)","No Events","120","98",".",".","120","122","0","Certification not required","2","0","","0.000708","0.002447",".","-0.004","","","0.01","2017-08-26 00:00","0.006","2017-03-05 00:00","0.006","2017-04-22 00:00","0.006","2017-09-28 00:00","0","0.002","0.005","0.006","0.006","0.006","1","","New York","New York","New York","DIVISION STREET","40 DIVISION STREET, PS 124","New York-Newark-Jersey City, NY-NJ-PA","AQS Data Mart"
"36","061","0134","88161","5","40.71436","-73.99518","WGS84","Titanium PM2.5 LC","24 HOUR","","2017","Micrograms/cubic meter (LC)","No Events","120","98",".",".","120","122","0","Certification not required","2","0","","0.0034","0.002658",".","-0.002","","","0.015","2017-09-19 00:00","0.01","2017-05-01 00:00","0.009","2017-05-04 00:00","0.009","2017-06-12 00:00","0.003","0.005","0.007","0.009","0.009","0.01","1","","New York","New York","New York","DIVISION STREET","40 DIVISION STREET, PS 124","New York-Newark-Jersey City, NY-NJ-PA","AQS Data Mart"
"36","061","0134","88136","5","40.71436","-73.99518","WGS84","Nickel PM2.5 LC","24 HOUR","","2017","Micrograms/cubic meter (LC)","No Events","120","98",".",".","120","122","0","Certification not required","2","0","","0.001692","0.004638",".","-0.001","","","0.029","2017-01-07 00:00","0.028","2017-01-22 00:00","0.021","2017-07-03 00:00","0.02","2017-03-08 00:00","0.001","0.002","0.003","0.01","0.021","0.028","1","","New York","New York","New York","DIVISION STREET","40 DIVISION STREET, PS 124","New York-Newark-Jersey City, NY-NJ-PA","AQS Data Mart"
"36","061","0134","88131","5","40.71436","-73.99518","WGS84","Indium PM2.5 LC","24 HOUR","","2017","Micrograms/cubic meter (LC)","No Events","120","98",".",".","120","122","0","Certification not required","2","0","","0.0009","0.009727",".","-0.023","","","0.029","2017-11-30 00:00","0.026","2017-08-11 00:00","0.023","2017-09-28 00:00","0.021","2017-02-24 00:00","0.001","0.007","0.013","0.02","0.023","0.026","1","","New York","New York","New York","DIVISION STREET","40 DIVISION STREET, PS 124","New York-Newark-Jersey City, NY-NJ-PA","AQS Data Mart"
"36","061","0134","88117","5","40.71436","-73.99518","WGS84","Cerium PM2.5 LC","24 HOUR","","2017","Micrograms/cubic meter (LC)","No Events","120","98",".",".","120","122","0","Certification not required","2","0","","0.005867","0.033013",".","-0.064","","","0.087","2017-12-06 00:00","0.076","2017-06-15 00:00","0.076","2017-07-30 00:00","0.072","2017-11-06 00:00","0.002","0.028","0.058","0.064","0.076","0.076","1","","New York","New York","New York","DIVISION STREET","40 DIVISION STREET, PS 124","New York-Newark-Jersey City, NY-NJ-PA","AQS Data Mart"
"36","061","0134","88115","5","40.71436","-73.99518","WGS84","Chlorine PM2.5 LC","24 HOUR","","2017","Micrograms/cubic meter (LC)","No Events","120","98",".",".","120","122","0","Certification not required","2","0","","0.011875","0.031273",".","-0.002","","","0.252","2017-04-19 00:00","0.172","2017-10-13 00:00","0.12","2017-06-15 00:00","0.063","2017-03-26 00:00","0.004","0.01","0.025","0.058","0.12","0.172","1","","New York","New York","New York","DIVISION STREET","40 DIVISION STREET, PS 124","New York-Newark-Jersey City, NY-NJ-PA","AQS Data Mart"
"36","061","0134","88113","5","40.71436","-73.99518","WGS84","Cobalt PM2.5 LC","24 HOUR","","2017","Micrograms/cubic meter (LC)","No Events","120","98",".",".","120","122","0","Certification not required","2","0","","-0.000717","0.001367",".","-0.002","","","0.004","2017-03-08 00:00","0.003","2017-01-22 00:00","0.002","2017-01-07 00:00","0.002","2017-03-11 00:00","-0.001","0","0.001","0.002","0.002","0.003","1","","New York","New York","New York","DIVISION STREET","40 DIVISION STREET, PS 124","New York-Newark-Jersey City, NY-NJ-PA","AQS Data Mart"
"36","061","0134","88111","5","40.71436","-73.99518","WGS84","Calcium PM2.5 LC","24 HOUR","","2017","Micrograms/cubic meter (LC)","No Events","120","98",".",".","120","122","0","Certification not required","2","0","","0.041617","0.020951",".","0.003","","","0.13","2017-04-07 00:00","0.105","2017-05-01 00:00","0.103","2017-06-12 00:00","0.094","2017-09-19 00:00","0.037","0.053","0.064","0.087","0.103","0.105","1","","New York","New York","New York","DIVISION STREET","40 DIVISION STREET, PS 124","New York-Newark-Jersey City, NY-NJ-PA","AQS Data Mart"
"36","061","0134","88109","5","40.71436","-73.99518","WGS84","Bromine PM2.5 LC","24 HOUR","","2017","Micrograms/cubic meter (LC)","No Events","120","98",".",".","120","122","0","Certification not required","2","0","","0.00175","0.002269",".","-0.002","","","0.016","2017-12-18 00:00","0.006","2017-01-04 00:00","0.006","2017-10-04 00:00","0.005","2017-01-16 00:00","0.002","0.003","0.004","0.005","0.006","0.006","1","","New York","New York","New York","DIVISION STREET","40 DIVISION STREET, PS 124","New York-Newark-Jersey City, NY-NJ-PA","AQS Data Mart"
"36","061","0134","88104","5","40.71436","-73.99518","WGS84","Aluminum PM2.5 LC","24 HOUR","","2017","Micrograms/cubic meter (LC)","No Events","120","98",".",".","120","122","0","Certification not required","2","0","","0.0162","0.041945",".","-0.041","","","0.353","2017-09-19 00:00","0.147","2017-03-08 00:00","0.08","2017-10-22 00:00","0.079","2017-12-27 00:00","0.014","0.029","0.05","0.057","0.08","0.147","1","","New York","New York","New York","DIVISION STREET","40 DIVISION STREET, PS 124","New York-Newark-Jersey City, NY-NJ-PA","AQS Data Mart"
"36","061","0134","88103","5","40.71436","-73.99518","WGS84","Arsenic PM2.5 LC","24 HOUR","","2017","Micrograms/cubic meter (LC)","No Events","120","98",".",".","120","122","0","Certification not required","2","0","","0.000258","0.001008",".","-0.001","","","0.006","2017-04-29 00:00","0.005","2017-07-24 00:00","0.004","2017-12-15 00:00","0.004","2017-12-30 00:00","0","0","0","0.003","0.004","0.005","1","","New York","New York","New York","DIVISION STREET","40 DIVISION STREET, PS 124","New York-Newark-Jersey City, NY-NJ-PA","AQS Data Mart"
"36","061","0134","88101","1","40.71436","-73.99518","WGS84","PM2.5 - Local Conditions","24 HOUR","PM25 24-hour 2012","2017","Micrograms/cubic meter (LC)","No Events","111","90","0","0","110","122","0","Certified","12","0","","8.765766","3.578052","8.76531371853952","3.1","","","23.2","2017-12-18 00:00","18.4","2017-06-12 00:00","17.9","2017-08-02 00:00","16.6","2017-09-16 00:00","8.2","10.5","14","15.6","17.9","18.4","1","","New York","New York","New York","DIVISION STREET","40 DIVISION STREET, PS 124","New York-Newark-Jersey City, NY-NJ-PA","AQS Data Mart"
"36","061","0134","88101","1","40.71436","-73.99518","WGS84","PM2.5 - Local Conditions","24 HOUR","PM25 Annual 2012","2017","Micrograms/cubic meter (LC)","No Events","111","90",".",".","110","122","0","Certified","12","0","","8.765766","3.578052","8.76531371853952","3.1","","","23.2","2017-12-18 00:00","18.4","2017-06-12 00:00","17.9","2017-08-02 00:00","16.6","2017-09-16 00:00","8.2","10.5","14","15.6","17.9","18.4","1","","New York","New York","New York","DIVISION STREET","40 DIVISION STREET, PS 124","New York-Newark-Jersey City, NY-NJ-PA","AQS Data Mart"
"36","061","0134","68118","5","40.71436","-73.99518","WGS84","Average Ambient Pressure for URG3000N","24 HOUR","","2017","Millimeters (mercury)","No Events","119","98",".",".","119","122","0","Certification not required","3","0","","759.361345","5.57344",".","745","","","774","2017-03-05 00:00","772","2017-01-10 00:00","772","2017-03-23 00:00","770","2017-12-27 00:00","759","762","768","769","772","772","1","","New York","New York","New York","DIVISION STREET","40 DIVISION STREET, PS 124","New York-Newark-Jersey City, NY-NJ-PA","AQS Data Mart"
"36","061","0134","68108","1","40.71436","-73.99518","WGS84","Average Ambient Pressure","24 HOUR","","2017","Millimeters (mercury)","No Events","111","91",".",".","110","122","0","Certification not required","12","0","","758.072072","5.900249",".","743","","","772","2017-03-05 00:00","771","2017-03-23 00:00","770","2017-12-28 00:00","769","2017-01-10 00:00","758","761","767","768","770","771","1","","New York","New York","New York","DIVISION STREET","40 DIVISION STREET, PS 124","New York-Newark-Jersey City, NY-NJ-PA","AQS Data Mart"
"36","061","0134","68108","3","40.71436","-73.99518","WGS84","Average Ambient Pressure","24 HOUR","","2017","Millimeters (mercury)","No Events","59","97",".",".","59","61","0","Certification not required","4","0","","758.372881","5.278121",".","746","","","769","2017-12-27 00:00","768","2017-01-13 00:00","768","2017-04-19 00:00","768","2017-10-22 00:00","758","762","767","768","768","769","1","","New York","New York","New York","DIVISION STREET","40 DIVISION STREET, PS 124","New York-Newark-Jersey City, NY-NJ-PA","AQS Data Mart"
"36","061","0134","68108","5","40.71436","-73.99518","WGS84","Average Ambient Pressure","24 HOUR","","2017","Millimeters (mercury)","No Events","120","98",".",".","120","122","0","Certification not required","2","0","","756.833333","5.931448",".","741","","","771","2017-03-05 00:00","770","2017-03-23 00:00","769","2017-12-27 00:00","768","2017-01-10 00:00","757","760","765","767","769","770","1","","New York","New York","New York","DIVISION STREET","40 DIVISION STREET, PS 124","New York-Newark-Jersey City, NY-NJ-PA","AQS Data Mart"
"36","061","0134","68107","1","40.71436","-73.99518","WGS84","Sample Max Baro Pressure","24 HOUR","","2017","Millimeters (mercury)","No Events","111","91",".",".","110","122","0","Certification not required","12","0","","761.531532","5.333973",".","750","","","775","2017-01-13 00:00","775","2017-03-05 00:00","774","2017-01-10 00:00","773","2017-03-23 00:00","761","765","769","771","774","775","1","","New York","New York","New York","DIVISION STREET","40 DIVISION STREET, PS 124","New York-Newark-Jersey City, NY-NJ-PA","AQS Data Mart"
"36","061","0134","68107","3","40.71436","-73.99518","WGS84","Sample Max Baro Pressure","24 HOUR","","2017","Millimeters (mercury)","No Events","59","97",".",".","59","61","0","Certification not required","4","0","","761.847458","4.908871",".","750","","","775","2017-01-13 00:00","772","2017-04-19 00:00","772","2017-10-04 00:00","770","2017-03-26 00:00","761","765","769","772","772","775","1","","New York","New York","New York","DIVISION STREET","40 DIVISION STREET, PS 124","New York-Newark-Jersey City, NY-NJ-PA","AQS Data Mart"
"36","061","0134","68106","1","40.71436","-73.99518","WGS84","Sample Min Baro Pressure","24 HOUR","","2017","Millimeters (mercury)","No Events","111","91",".",".","110","122","0","Certification not required","12","0","","754.702703","6.43936",".","734","","","769","2017-03-05 00:00","768","2017-03-23 00:00","767","2017-11-12 00:00","767","2017-12-28 00:00","755","758","762","765","767","768","1","","New York","New York","New York","DIVISION STREET","40 DIVISION STREET, PS 124","New York-Newark-Jersey City, NY-NJ-PA","AQS Data Mart"
"36","061","0134","68106","3","40.71436","-73.99518","WGS84","Sample Min Baro Pressure","24 HOUR","","2017","Millimeters (mercury)","No Events","59","97",".",".","59","61","0","Certification not required","4","0","","754.813559","6.140523",".","734","","","767","2017-12-27 00:00","766","2017-10-22 00:00","765","2017-09-10 00:00","764","2017-03-26 00:00","756","758","763","765","766","767","1","","New York","New York","New York","DIVISION STREET","40 DIVISION STREET, PS 124","New York-Newark-Jersey City, NY-NJ-PA","AQS Data Mart"
"36","061","0134","68109","1","40.71436","-73.99518","WGS84","Elapsed Sample Time","24 HOUR","","2017","Minutes","No Events","67","55",".",".","67","122","0","Certification not required","11","0","","1439.343284","0.478389",".","1439","","","1440","2017-01-01 00:00","1440","2017-01-07 00:00","1440","2017-01-13 00:00","1440","2017-01-19 00:00","1439","1440","1440","1440","1440","1440","1","","New York","New York","New York","DIVISION STREET","40 DIVISION STREET, PS 124","New York-Newark-Jersey City, NY-NJ-PA","AQS Data Mart"
"36","061","0134","68109","3","40.71436","-73.99518","WGS84","Elapsed Sample Time","24 HOUR","","2017","Minutes","No Events","42","69",".",".","42","61","0","Certification not required","4","0","","1439.119048","0.32777",".","1439","","","1440","2017-02-01 00:00","1440","2017-04-01 00:00","1440","2017-04-08 00:00","1440","2017-05-19 00:00","1439","1439","1440","1440","1440","1440","1","","New York","New York","New York","DIVISION STREET","40 DIVISION STREET, PS 124","New York-Newark-Jersey City, NY-NJ-PA","AQS Data Mart"
"36","061","0134","68113","5","40.71436","-73.99518","WGS84","Sample Flow Rate CV - Quartz Filter","24 HOUR","","2017","Percent","No Events","120","98",".",".","120","122","0","Certification not required","2","0","","0.1","0",".","0.1","","","0.1","2017-01-01 00:00","0.1","2017-01-04 00:00","0.1","2017-01-07 00:00","0.1","2017-01-10 00:00","0.1","0.1","0.1","0.1","0.1","0.1","1","","New York","New York","New York","DIVISION STREET","40 DIVISION STREET, PS 124","New York-Newark-Jersey City, NY-NJ-PA","AQS Data Mart"
"36","061","0134","68112","5","40.71436","-73.99518","WGS84","Sample Flow Rate CV - Nylon Filter","24 HOUR","","2017","Percent","No Events","120","98",".",".","120","122","0","Certification not required","2","0","","0.7775","0.096548",".","0.5","","","1","2017-02-21 00:00","1","2017-05-13 00:00","0.9","2017-01-01 00:00","0.9","2017-01-04 00:00","0.8","0.8","0.9","0.9","0.9","1","1","","New York","New York","New York","DIVISION STREET","40 DIVISION STREET, PS 124","New York-Newark-Jersey City, NY-NJ-PA","AQS Data Mart"
"36","061","0134","68111","5","40.71436","-73.99518","WGS84","Sample Flow Rate CV - Teflon Filter","24 HOUR","","2017","Percent","No Events","120","98",".",".","120","122","0","Certification not required","2","0","","0.806667","0.160217",".","0.5","","","2.1","2017-06-18 00:00","1.2","2017-10-07 00:00","1.1","2017-07-21 00:00","1","2017-04-16 00:00","0.8","0.9","0.9","0.9","1.1","1.2","1","","New York","New York","New York","DIVISION STREET","40 DIVISION STREET, PS 124","New York-Newark-Jersey City, NY-NJ-PA","AQS Data Mart"
"36","061","0134","68101","1","40.71436","-73.99518","WGS84","Sample Flow Rate- CV","24 HOUR","","2017","Percent","No Events","111","91",".",".","110","122","0","Certification not required","12","0","","0.1","0",".","0.1","","","0.1","2017-01-01 00:00","0.1","2017-01-04 00:00","0.1","2017-01-07 00:00","0.1","2017-01-10 00:00","0.1","0.1","0.1","0.1","0.1","0.1","1","","New York","New York","New York","DIVISION STREET","40 DIVISION STREET, PS 124","New York-Newark-Jersey City, NY-NJ-PA","AQS Data Mart"
"36","061","0134","68101","3","40.71436","-73.99518","WGS84","Sample Flow Rate- CV","24 HOUR","","2017","Percent","No Events","59","97",".",".","59","61","0","Certification not required","4","0","","0.1","0",".","0.1","","","0.1","2017-01-01 00:00","0.1","2017-01-07 00:00","0.1","2017-01-13 00:00","0.1","2017-01-19 00:00","0.1","0.1","0.1","0.1","0.1","0.1","1","","New York","New York","New York","DIVISION STREET","40 DIVISION STREET, PS 124","New York-Newark-Jersey City, NY-NJ-PA","AQS Data Mart"
